{
  "varer": {
    "bukser": {
      "bukse001": {
        "merke1": "Ralph Lauren",
        "merke2": "",
        "type": "jeans",
        "modell": "Tailo PANT",
        "pris": 799,
        "anledning": "fest",
        "Farge1": "blå",
        "Storrelse": "XS",
        "Storrelse1": "M",
        "Storrelse2": "XXL",
        "popularitet": 8,
        "baerekraftig": true,
        "Salg": false,
        "Nyheter": true,
        "kolleksjon": "Vår",
        "bilde1": "bilder_klar_riktig/bukse001a.jpg",
        "bilde2": "bilder_klar_riktig/bukse001b.jpg",
        "bilde3": "bilder_klar_riktig/bukse001c.jpg"

      },
      "bukse002": {
        "merke1": "Gant",
        "merke2": "",
        "type": "jeans",
        "modell": "Jeans straight leg",
        "pris": 589,
        "anledning": "fest",
        "Farge1": "blå",
        "Storrelse": "XXS",
        "Storrelse1": "M",
        "Storrelse2": "L",
        "popularitet": 5,
        "baerekraftig": "false",
        "Salg": "false",
        "Nyheter": true,
        "kolleksjon": "",
        "bilde1": "bilder_klar_riktig/bukse002a.jpg",
        "bilde2": "bilder_klar_riktig/bukse002b.jpg",
        "bilde3": "bilder_klar_riktig/bukse002c.jpg"

      },
      "bukse003": {
        "merke1": "Tommy hilfiger",
        "merke2": "",
        "type": "jeans",
        "modell": "Tommy tight",
        "pris": 649,
        "anledning": "fest",
        "Farge1": "hvit",
        "Storrelse": "XXS",
        "Storrelse1": "S",
        "Storrelse2": "L",
        "popularitet": 4,
        "baerekraftig": false,
        "Salg": true,
        "Nyheter": true,
        "kolleksjon": "høst",
        "bilde1": "bilder_klar_riktig/bukse003a.jpg",
        "bilde2": "bilder_klar_riktig/bukse003b.jpg",
        "bilde3": "bilder_klar_riktig/bukse003c.jpg"

      },
      "bukse004": {
        "merke1": "HUGO BOSS",
        "merke2": "",
        "type": "dress_bukse",
        "modell": "Slimfit dress pants",
        "pris": 1099,
        "anledning": "formel",
        "Farge1": "brun",
        "Storrelse": "XS",
        "Storrelse1": "M",
        "Storrelse2": "XXL",
        "popularitet": 2,
        "baerekraftig": true,
        "Salg": false,
        "Nyheter": true,
        "kolleksjon": "vinter",
        "bilde1": "bilder_klar_riktig/bukse004a.jpg",
        "bilde2": "bilder_klar_riktig/bukse004b.jpg",
        "bilde3": "bilder_klar_riktig/bukse004c.jpg"

      },
      "bukse005": {
        "merke1": "LYLE&SCOTT",
        "merke2": "",
        "type": "shorts",
        "modell": "BEDFORD",
        "pris": 399,
        "anledning": "fritid",
        "Farge1": "brun",
        "Storrelse": "XXS",
        "Storrelse1": "M",
        "Storrelse2": "L",
        "popularitet": 6,
        "baerekraftig": false,
        "Salg": false,
        "Nyheter": true,
        "kolleksjon": "høst",
        "bilde1": "bilder_klar_riktig/bukse005a.jpg",
        "bilde2": "bilder_klar_riktig/bukse005b.jpg",
        "bilde3": "bilder_klar_riktig/bukse005c.jpg"

      },
      "bukse006": {
        "merke1": "versace",
        "merke2": "",
        "type": "joggebukse",
        "modell": "TUM LOGO TAPE",
        "pris": 799,
        "anledning": "fritid",
        "Farge1": "svart",
        "Storrelse": "XS",
        "Storrelse1": "M",
        "Storrelse2": "L",
        "popularitet": 7,
        "baerekraftig": false,
        "Salg": false,
        "Nyheter": false,
        "kolleksjon": "høst",
        "bilde1": "bilder_klar_riktig/bukse006a.jpg",
        "bilde2": "bilder_klar_riktig/bukse006b.jpg",
        "bilde3": "bilder_klar_riktig/bukse006c.jpg"
      },
      "bukse007": {
        "merke1": "Gant",
        "merke2": "",
        "type": "joggebukse",
        "modell": "THE ORIGINAL",
        "pris": 349,
        "anledning": "fritid",
        "Farge1": "brun",
        "Storrelse": "XXS",
        "Storrelse1": "S",
        "Storrelse2": "XXL",
        "popularitet": 8,
        "baerekraftig": false,
        "Salg": false,
        "Nyheter": false,
        "kolleksjon": "høst",
        "bilde1": "bilder_klar_riktig/bukse007a.jpg",
        "bilde2": "bilder_klar_riktig/bukse007b.jpg",
        "bilde3": "bilder_klar_riktig/bukse007c.jpg"
      }
    },

    "skjorter": {
      "skjorte001": {
        "merke1": "Ralph Lauren",
        "merke2": "",
        "type": "Rutete",
        "modell": "OXFORD SLIM FIT",
        "pris": 899,
        "anledning": "formel",
        "Farge1": "hvit",
        "Storrelse": "XXS",
        "Storrelse1": "S",
        "Storrelse2": "L",
        "popularitet": 9,
        "baerekraftig": false,
        "Salg": true,
        "Nyheter": true,
        "kolleksjon": "vår",
        "bilde1": "bilder_klar_riktig/skjorte001a.jpg",
        "bilde2": "bilder_klar_riktig/skjorte001b.jpg",
        "bilde3": "bilder_klar_riktig/skjorte001c.jpg"


      },
      "skjorte002": {
        "merke1": "Tommy hilfiger",
        "merke2": "",
        "type": "Stripete",
        "modell": "SLIM FINE STRIPE SHIRT ",
        "pris": 1249,
        "anledning": "fest",
        "Farge1": "blå",
        "Farge2": "hvit",
        "Storrelse": "XS",
        "Storrelse1": "M",
        "Storrelse2": "L",
        "popularitet": 10,
        "baerekraftig": false,
        "Salg": false,
        "Nyheter": true,
        "kolleksjon": "høst",
        "bilde1": "bilder_klar_riktig/skjorte002a.jpg",
        "bilde2": "bilder_klar_riktig/skjorte002b.jpg",
        "bilde3": "bilder_klar_riktig/skjorte002c.jpg"

      },
      "skjorte003": {
        "merke1": "HUGO BOSS",
        "merke2": "",
        "type": "fest",
        "modell": "AVISPA ",
        "pris": 599,
        "anledning": "formel",
        "Farge1": "hvit",
        "Storrelse": "XS",
        "Storrelse1": "M",
        "Storrelse2": "XXL",
        "popularitet": 1,
        "baerekraftig": true,
        "Salg": false,
        "Nyheter": true,
        "kolleksjon": "høst",
        "bilde1": "bilder_klar_riktig/skjorte003a.jpg",
        "bilde2": "bilder_klar_riktig/skjorte003b.jpg",
        "bilde3": "bilder_klar_riktig/skjorte003c.jpg"

      },
      "skjorte004": {
        "merke1": "Gant",
        "merke2": "",
        "type": "Stripete",
        "modell": "SLIM SHIRT ",
        "pris": 1399,
        "anledning": "formel",
        "Farge1": "svart",
        "Storrelse": "XXS",
        "Storrelse1": "M",
        "Storrelse2": "L",
        "popularitet": 2,
        "baerekraftig": false,
        "Salg": false,
        "Nyheter": false,
        "kolleksjon": "høst",
        "bilde1": "bilder_klar_riktig/skjorte004a.jpg",
        "bilde2": "bilder_klar_riktig/skjorte042b.jpg",
        "bilde3": "bilder_klar_riktig/skjorte004c.jpg"

      },
      "skjorte005": {
        "merke1": "LYLE&SCOTT",
        "merke2": "JEAN PAUL",
        "type": "casual",
        "modell": "PAVISTA SHIRT ",
        "pris": 849,
        "anledning": "casual",
        "Farge1": "blå",
        "Storrelse": "XS",
        "Storrelse1": "S",
        "Storrelse2": "L",
        "popularitet": 9,
        "baerekraftig": false,
        "Salg": true,
        "Nyheter": true,
        "kolleksjon": "høst",
        "bilde1": "bilder_klar_riktig/skjorte005a.jpg",
        "bilde2": "bilder_klar_riktig/skjorte005b.jpg",
        "bilde3": "bilder_klar_riktig/skjorte005c.jpg"

      },
      "skjorte006": {
        "merke1": "Tommy hilfiger",
        "merke2": "",
        "type": "Stripete",
        "modell": "three lined ",
        "pris": 1189,
        "anledning": "fritid",
        "Farge1": "blå",
        "Storrelse": "XXS",
        "Storrelse1": "M",
        "Storrelse2": "L",
        "popularitet": 4,
        "baerekraftig": false,
        "Salg": false,
        "Nyheter": true,
        "kolleksjon": "høst",
        "bilde1": "bilder_klar_riktig/skjorte006a.jpg",
        "bilde2": "bilder_klar_riktig/skjorte006b.jpg",
        "bilde3": "bilder_klar_riktig/skjorte006c.jpg"

      }
    },
    "gensere": {
      "genser001": {
        "merke1": "Ralph Lauren",
        "merke2": "Bear",
        "type": "",
        "modell": "BLEND BEAR",
        "pris": 1379,
        "anledning": "fritid",
        "Farge1": "svart",
        "Storrelse": "XS",
        "Storrelse1": "M",
        "Storrelse2": "XXL",
        "popularitet": 5,
        "baerekraftig": false,
        "Salg": false,
        "Nyheter": true,
        "kolleksjon": "høst",
        "bilde1": "bilder_klar_riktig/genser001a.jpg",
        "bilde2": "bilder_klar_riktig/genser001b.jpg",
        "bilde3": "bilder_klar_riktig/genser001c.jpg"
      },

      "genser002": {
        "merke1": "versace",
        "merke2": "",
        "type": "",
        "modell": "HOODIE",
        "pris": 2259,
        "anledning": "formel",
        "Farge1": "hvit",
        "Farge2": "rød",
        "Storrelse": "S",
        "Storrelse1": "M",
        "Storrelse2": "L",
        "popularitet": 4,
        "baerekraftig": true,
        "Salg": false,
        "Nyheter": false,
        "kolleksjon": "sommer",
        "bilde1": "bilder_klar_riktig/genser002a.jpg",
        "bilde2": "bilder_klar_riktig/genser002b.jpg",
        "bilde3": "bilder_klar_riktig/genser002c.jpg"
      },
      "genser003": {
        "merke1": "Gant",
        "merke2": "",
        "type": "",
        "modell": "HANGER HOODIE",
        "pris": 1190,
        "anledning": "casual",
        "Farge1": "blå",
        "Storrelse": "S",
        "Storrelse1": "M",
        "Storrelse2": "L",
        "popularitet": 7,
        "baerekraftig": false,
        "Salg": false,
        "Nyheter": false,
        "kolleksjon": "vinter",
        "bilde1": "bilder_klar_riktig/genser003a.jpg",
        "bilde2": "bilder_klar_riktig/genser003b.jpg",
        "bilde3": "bilder_klar_riktig/genser003c.jpg"
      },
      "genser004": {
        "merke1": "HUGO BOSS",
        "merke2": "",
        "type": "",
        "modell": "THE BOSS",
        "pris": 1450,
        "anledning": "formel",
        "Farge1": "blå",
        "Storrelse": "S",
        "Storrelse1": "M",
        "Storrelse2": "XXL",
        "popularitet": 8,
        "baerekraftig": false,
        "Salg": false,
        "Nyheter": false,
        "kolleksjon": "høst",
        "bilde1": "bilder_klar_riktig/genser004a.jpg",
        "bilde2": "bilder_klar_riktig/genser004b.jpg",
        "bilde3": "bilder_klar_riktig/genser004c.jpg"
      },
      "genser005": {
        "merke1": "LYLE&SCOTT",
        "merke2": "",
        "type": "",
        "modell": "LOGO HOODIE",
        "pris": 840,
        "anledning": "casual",
        "Farge1": "blå",
        "Storrelse": "XS",
        "Storrelse1": "M",
        "Storrelse2": "L",
        "popularitet": 9,
        "baerekraftig": false,
        "Salg": false,
        "Nyheter": true,
        "kolleksjon": "vår",
        "bilde1": "bilder_klar_riktig/genser005a.jpg",
        "bilde2": "bilder_klar_riktig/genser005b.jpg",
        "bilde3": "bilder_klar_riktig/genser005c.jpg"
      },
      "genser006": {
        "merke1": "Tommy hilfiger",
        "merke2": "",
        "type": "",
        "modell": "CREW",
        "pris": 1290,
        "anledning": "casual",
        "Farge1": "svart",
        "Storrelse": "XXS",
        "Storrelse1": "M",
        "Storrelse2": "L",
        "popularitet": 10,
        "baerekraftig": false,
        "Salg": true,
        "Nyheter": false,
        "kolleksjon": "høst",
        "bilde1": "bilder_klar_riktig/genser006a.jpg",
        "bilde2": "bilder_klar_riktig/genser006b.jpg",
        "bilde3": "bilder_klar_riktig/genser006c.jpg"
      },
      "genser007": {
        "merke1": "versace",
        "merke2": "",
        "type": "",
        "modell": "T-LOGO",
        "pris": 1380,
        "anledning": "formel",
        "Farge1": "hvit",
        "Storrelse": "S",
        "Storrelse1": "S",
        "Storrelse2": "XXL",
        "popularitet": 1,
        "baerekraftig": false,
        "Salg": false,
        "Nyheter": false,
        "kolleksjon": "høst",
        "bilde1": "bilder_klar_riktig/genser007a.jpg",
        "bilde2": "bilder_klar_riktig/genser007b.jpg",
        "bilde3": "bilder_klar_riktig/genser007c.jpg"
      }

    },


    "sport": {
      "sport001": {
        "merke1": "adidas",
        "merke2": "",
        "type": "underdel",
        "type2": "joggebukse",
        "modell": "Stanford",
        "pris": 579,
        "anledning": "trening",
        "Farge1": "grå",
        "Storrelse": "XS",
        "Storrelse1": "M",
        "Storrelse2": "L",
        "popularitet": 2,
        "baerekraftig": false,
        "Salg": true,
        "Nyheter": true,
        "kolleksjon": "sommer",
        "bilde1": "bilder_klar_riktig/sport001a.jpg",
        "bilde2": "bilder_klar_riktig/sport001b.jpg",
        "bilde3": "bilder_klar_riktig/sport001c.jpg"
      },
      "sport002": {
        "merke1": "nike",
        "merke2": "",
        "type": "underdel",
        "type2": "tights",
        "modell": "adapt run",
        "pris": 480,
        "anledning": "trening",
        "Farge1": "svart",
        "Storrelse": "XS",
        "Storrelse1": "M",
        "Storrelse2": "L",
        "popularitet": 3,
        "baerekraftig": false,
        "Salg": false,
        "Nyheter": false,
        "kolleksjon": "sommer",
        "bilde1": "bilder_klar_riktig/sport002a.jpg",
        "bilde2": "bilder_klar_riktig/sport002b.jpg",
        "bilde3": "bilder_klar_riktig/sport002a.jpg"
      },
      "sport003": {
        "merke1": "nike",
        "merke2": "",
        "type": "overdel",
        "type2": "t-skjorte",
        "modell": "DRY TEE",
        "pris": 449,
        "anledning": "trening",
        "Farge1": "grå",
        "Storrelse": "S",
        "Storrelse1": "M",
        "Storrelse2": "L",
        "popularitet": 4,
        "baerekraftig": false,
        "Salg": false,
        "Nyheter": true,
        "kolleksjon": "vår",
        "bilde1": "bilder_klar_riktig/sport003a.jpg",
        "bilde2": "bilder_klar_riktig/sport003b.jpg",
        "bilde3": "bilder_klar_riktig/sport003c.jpg"
      },
      "sport004": {
        "merke1": "nike",
        "merke2": "",
        "type": "overdel",
        "type2": "t-skjorte",
        "modell": "crew neck",
        "pris": 389,
        "anledning": "trening",
        "Farge1": "blå",
        "Storrelse": "XXS",
        "Storrelse1": "S",
        "Storrelse2": "XXL",
        "popularitet": 5,
        "baerekraftig": false,
        "Salg": true,
        "Nyheter": false,
        "kolleksjon": "sommer",
        "bilde1": "bilder_klar_riktig/sport004a.jpg",
        "bilde2": "bilder_klar_riktig/sport004b.jpg",
        "bilde3": "bilder_klar_riktig/sport004c.jpg"
      },
      "sport005": {
        "merke1": "nike",
        "merke2": "",
        "type": "overdel",
        "type2": "genser",
        "modell": "ZIP HOODIE",
        "pris": 629,
        "anledning": "trening",
        "Farge1": "hvit",
        "Storrelse": "XS",
        "Storrelse1": "M",
        "Storrelse2": "L",
        "popularitet": 6,
        "baerekraftig": true,
        "Salg": false,
        "Nyheter": false,
        "kolleksjon": "sommer",
        "bilde1": "bilder_klar_riktig/sport005a.jpg",
        "bilde2": "bilder_klar_riktig/sport005b.jpg",
        "bilde3": "bilder_klar_riktig/sport005c.jpg"
      },
      "sport006": {
        "merke1": "HUGO BOSS",
        "merke2": "",
        "type": "overdel",
        "type2": "jakke",
        "modell": "SICON",
        "pris": 1400,
        "anledning": "trening",
        "Farge1": "svart",
        "Storrelse": "XS",
        "Storrelse1": "M",
        "Storrelse2": "L",
        "popularitet": 7,
        "baerekraftig": false,
        "Salg": false,
        "Nyheter": true,
        "kolleksjon": "vår",
        "bilde1": "bilder_klar_riktig/sport006a.jpg",
        "bilde2": "bilder_klar_riktig/sport006b.jpg",
        "bilde3": "bilder_klar_riktig/sport006c.jpg"
      }

    },
    "jakker": {
      "jakke001": {
        "merke1": "Tommy hilfiger",
        "merke2": "",
        "type": "Stripete",
        "modell": "Trck Jacket",
        "pris": 1195,
        "anledning": "formel",
        "Farge1": "brun",
        "Storrelse": "S",
        "Storrelse1": "L",
        "Storrelse2": "XL",
        "popularitet": 8,
        "baerekraftig": false,
        "Salg": false,
        "Nyheter": true,
        "kolleksjon": "vår",
        "bilde1": "bilder_klar_riktig/jakke001a.jpg",
        "bilde2": "bilder_klar_riktig/jakke001b.jpg",
        "bilde3": "bilder_klar_riktig/jakke001c.jpg"
      },
      "jakke002": {
        "merke1": "versace",
        "merke2": "",
        "type": "print",
        "modell": "Bomberjacket",
        "pris": 2399,
        "anledning": "casual",
        "Farge1": "svart",
        "Storrelse": "S",
        "Storrelse1": "L",
        "Storrelse2": "XL",
        "popularitet": 9,
        "baerekraftig": false,
        "Salg": false,
        "Nyheter": false,
        "kolleksjon": "høst",
        "bilde1": "bilder_klar_riktig/jakke002a.jpg",
        "bilde2": "bilder_klar_riktig/jakke002b.jpg",
        "bilde3": "bilder_klar_riktig/jakke002c.jpg"
      },
      "jakke003": {
        "merke1": "Gant",
        "merke2": "",
        "type": "plain",
        "modell": "THE COMFORT",
        "pris": 1599,
        "anledning": "casual",
        "Farge1": "svart",
        "Storrelse": "S",
        "Storrelse1": "M",
        "Storrelse2": "L",
        "popularitet": 10,
        "baerekraftig": false,
        "Salg": false,
        "Nyheter": false,
        "kolleksjon": "sommer",
        "bilde1": "bilder_klar_riktig/jakke003a.jpg",
        "bilde2": "bilder_klar_riktig/jakke003b.jpg",
        "bilde3": "bilder_klar_riktig/jakke003c.jpg"
      },
      "jakke004": {
        "merke1": "Tommy hilfiger",
        "merke2": "",
        "type": "print",
        "modell": "RAINFOREST",
        "pris": 899,
        "anledning": "fritid",
        "Farge1": "svart",
        "Storrelse": "XXS",
        "Storrelse1": "M",
        "Storrelse2": "XXL",
        "popularitet": 1,
        "baerekraftig": false,
        "Salg": true,
        "Nyheter": true,
        "kolleksjon": "vår",
        "bilde1": "bilder_klar_riktig/jakke004a.jpg",
        "bilde2": "bilder_klar_riktig/jakke004b.jpg",
        "bilde3": "bilder_klar_riktig/jakke004c.jpg"
      },
      "jakke005": {
        "merke1": "HUGO BOSS",
        "merke2": "",
        "type": "plain",
        "modell": "Innsvinget",
        "pris": 2999,
        "anledning": "formel",
        "Farge1": "svart",
        "Storrelse": "S",
        "Storrelse1": "M",
        "Storrelse2": "L",
        "popularitet": 2,
        "baerekraftig": false,
        "Salg": false,
        "Nyheter": false,
        "kolleksjon": "vinter",
        "bilde1": "bilder_klar_riktig/jakke005a.jpg",
        "bilde2": "bilder_klar_riktig/jakke005b.jpg",
        "bilde3": "bilder_klar_riktig/jakke005c.jpg"
      },
      "jakke006": {
        "merke1": "Ralph Lauren",
        "merke2": "",
        "type": "plain",
        "modell": "DRAYCOTT",
        "pris": 1599,
        "anledning": "casual",
        "Farge1": "blå",
        "Storrelse": "XS",
        "Storrelse1": "M",
        "Storrelse2": "L",
        "popularitet": 3,
        "baerekraftig": false,
        "Salg": false,
        "Nyheter": true,
        "kolleksjon": "vår",
        "bilde1": "bilder_klar_riktig/jakke006a.jpg",
        "bilde2": "bilder_klar_riktig/jakke006b.jpg",
        "bilde3": "bilder_klar_riktig/jakke006c.jpg"
      },
      "jakke007": {
        "merke1": "LYLE&SCOTT",
        "merke2": "",
        "type": "plain",
        "modell": "DRAYCOTT",
        "pris": 1099,
        "anledning": "casual",
        "Farge1": "svart",
        "Storrelse": "S",
        "Storrelse1": "M",
        "Storrelse2": "XXL",
        "popularitet": 4,
        "baerekraftig": true,
        "Salg": false,
        "Nyheter": true,
        "kolleksjon": "vår",
        "bilde1": "bilder_klar_riktig/jakke007a.jpg",
        "bilde2": "bilder_klar_riktig/jakke007b.jpg",
        "bilde3": "bilder_klar_riktig/jakke007c.jpg"
      }
    },
    "sko": {
      "sko001": {
        "merke1": "versace",
        "merke2": "",
        "type": "joggesko",
        "modell": "Slim joggesko",
        "pris": 2459,
        "anledning": "casual",
        "Farge1": "rød",
        "Storrelse": "43",
        "Storrelse1": "44",
        "Storrelse2": "45",
        "popularitet": 5,
        "baerekraftig": false,
        "Salg": false,
        "Nyheter": false,
        "kolleksjon": "sommer",
        "bilde1": "bilder_klar_riktig/sko001a.jpg",
        "bilde2": "bilder_klar_riktig/sko001b.jpg",
        "bilde3": "bilder_klar_riktig/sko001c.jpg"
      },
      "sko002": {
        "merke1": "HUGO BOSS",
        "merke2": "",
        "type": "pensko",
        "modell": "Kensignton",
        "pris": 1759,
        "anledning": "formel",
        "Farge1": "brun",
        "Storrelse": "43",
        "Storrelse1": "44",
        "Storrelse2": "45",
        "popularitet": 5,
        "baerekraftig": false,
        "Salg": false,
        "Nyheter": false,
        "kolleksjon": "sommer",
        "bilde1": "bilder_klar_riktig/sko002a.jpg",
        "bilde2": "bilder_klar_riktig/sko002b.jpg",
        "bilde3": "bilder_klar_riktig/sko002c.jpg"
      },
      "sko003": {
        "merke1": "Gant",
        "merke2": "",
        "type": "fritid",
        "modell": "ONE 19",
        "pris": 759,
        "anledning": "fritid",
        "Farge1": "hvit",
        "Storrelse": "43",
        "Storrelse1": "44",
        "Storrelse2": "45",
        "popularitet": 6,
        "baerekraftig": false,
        "Salg": true,
        "Nyheter": true,
        "kolleksjon": "sommer",
        "bilde1": "bilder_klar_riktig/sko003a.jpg",
        "bilde2": "bilder_klar_riktig/sko003b.jpg",
        "bilde3": "bilder_klar_riktig/sko003c.jpg"
      },
      "sko004": {
        "merke1": "Tommy hilfiger",
        "merke2": "",
        "type": "fritid",
        "modell": "sneaker",
        "pris": 949,
        "anledning": "fritid",
        "Farge1": "hvit",
        "Storrelse": "43",
        "Storrelse1": "44",
        "Storrelse2": "45",
        "popularitet": 7,
        "baerekraftig": true,
        "Salg": false,
        "Nyheter": true,
        "kolleksjon": "sommer",
        "bilde1": "bilder_klar_riktig/sko004a.jpg",
        "bilde2": "bilder_klar_riktig/sko004b.jpg",
        "bilde3": "bilder_klar_riktig/sko004c.jpg"
      },
      "sko005": {
        "merke1": "Ralph Lauren",
        "merke2": "Hamilton",
        "type": "fritid",
        "modell": "Toni",
        "pris": 1290,
        "anledning": "formel",
        "Farge1": "brun",
        "Storrelse": "43",
        "Storrelse1": "44",
        "Storrelse2": "45",
        "popularitet": 8,
        "baerekraftig": true,
        "Salg": false,
        "Nyheter": true,
        "kolleksjon": "sommer",
        "bilde1": "bilder_klar_riktig/sko005a.jpg",
        "bilde2": "bilder_klar_riktig/sko005b.jpg",
        "bilde3": "bilder_klar_riktig/sko005c.jpg"
      },
      "sko006": {
        "merke1": "versace",
        "merke2": "",
        "type": "fritid",
        "modell": "High shoes",
        "pris": 2759,
        "anledning": "formel",
        "Farge1": "rød",
        "Storrelse": "43",
        "Storrelse1": "44",
        "Storrelse2": "45",
        "popularitet": 9,
        "baerekraftig": false,
        "Salg": false,
        "Nyheter": true,
        "kolleksjon": "sommer",
        "bilde1": "bilder_klar_riktig/sko006a.jpg",
        "bilde2": "bilder_klar_riktig/sko006b.jpg",
        "bilde3": "bilder_klar_riktig/sko006c.jpg"
      }

    },
    "tilbehor": {
      "tilbehor001": {
        "merke1": "versace",
        "merke2": "",
        "type": "klokke",
        "modell": "PALAZZO",
        "pris": 4469,
        "anledning": "casual",
        "Farge1": "gull",
        "Storrelse": "S",
        "Storrelse1": "M",
        "Storrelse2": "L",
        "popularitet": 2,
        "baerekraftig": false,
        "Salg": false,
        "Nyheter": true,
        "kolleksjon": "høst",
        "bilde1": "bilder_klar_riktig/tilbehor001a.jpg",
        "bilde2": "bilder_klar_riktig/tilbehor001b.jpg",
        "bilde3": "bilder_klar_riktig/tilbehor001c.jpg"
      },
      "tilbehor002": {
        "merke1": "HUGO BOSS",
        "merke2": "",
        "type": "bag",
        "modell": "DEFENDER",
        "pris": 1219,
        "anledning": "casual",
        "Farge1": "svart",
        "Storrelse": "S",
        "Storrelse1": "M",
        "Storrelse2": "L",
        "popularitet": 3,
        "baerekraftig": false,
        "Salg": true,
        "Nyheter": false,
        "kolleksjon": "vår",
        "bilde1": "bilder_klar_riktig/tilbehor002a.jpg",
        "bilde2": "bilder_klar_riktig/tilbehor002b.jpg",
        "bilde3": "bilder_klar_riktig/tilbehor002c.jpg"
      },

      "tilbehor003": {
        "merke1": "versace",
        "merke2": "",
        "type": "kjede",
        "modell": "Necklace",
        "pris": 3799,
        "anledning": "casual",
        "Farge1": "gull",
        "Storrelse": "S",
        "Storrelse1": "M",
        "Storrelse2": "XXL",
        "popularitet": 4,
        "baerekraftig": false,
        "Salg": false,
        "Nyheter": true,
        "kolleksjon": "høst",
        "bilde1": "bilder_klar_riktig/tilbehor003a.jpg",
        "bilde2": "bilder_klar_riktig/tilbehor003b.jpg",
        "bilde3": "bilder_klar_riktig/tilbehor003c.jpg"
      },
      "tilbehor004": {
        "merke1": "Ralph Lauren",
        "merke2": "",
        "type": "caps",
        "modell": "OLD SCHOOL",
        "pris": 699,
        "anledning": "casual",
        "Farge1": "baige",
        "Storrelse": "S",
        "Storrelse1": "M",
        "Storrelse2": "L",
        "popularitet": 5,
        "baerekraftig": false,
        "Salg": true,
        "Nyheter": true,
        "kolleksjon": "høst",
        "bilde1": "bilder_klar_riktig/tilbehor004a.jpg",
        "bilde2": "bilder_klar_riktig/tilbehor004b.jpg",
        "bilde3": "bilder_klar_riktig/tilbehor004c.jpg"
      },
      "tilbehor005": {
        "merke1": "HUGO BOSS",
        "merke2": "",
        "type": "belte",
        "modell": "BAXTON",
        "pris": 1259,
        "anledning": "casual",
        "Farge1": "svart",
        "Storrelse": "S",
        "Storrelse1": "M",
        "Storrelse2": "XXL",
        "popularitet": 8,
        "baerekraftig": false,
        "Salg": false,
        "Nyheter": true,
        "kolleksjon": "høst",
        "bilde1": "bilder_klar_riktig/tilbehor005a.jpg",
        "bilde2": "bilder_klar_riktig/tilbehor005b.jpg",
        "bilde3": "bilder_klar_riktig/tilbehor005c.jpg"
      },
      "tilbehor006": {
        "merke1": "Tommy hilfiger",
        "merke2": "Mercedes Benz",
        "type": "lommebok",
        "modell": "Wallet",
        "pris": 969,
        "anledning": "casual",
        "Farge1": "svart",
        "Farge1": ["svart", "blå"],
        "Storrelse": "S",
        "Storrelse1": "M",
        "Storrelse2": "L",
        "popularitet": 1,
        "baerekraftig": true,
        "Salg": true,
        "Nyheter": false,
        "kolleksjon": "høst",
        "bilde1": "bilder_klar_riktig/tilbehor006a.jpg",
        "bilde2": "bilder_klar_riktig/tilbehor006b.jpg",
        "bilde3": "bilder_klar_riktig/tilbehor006c.jpg"
      }


    }



  }
}
